<?xml version="1.0" ?>

<container xmlns="http://symfony.com/schema/dic/services"
           xmlns:xsi="http://www.w3.org/2001/XMLSchema-instance"
           xsi:schemaLocation="http://symfony.com/schema/dic/services http://symfony.com/schema/dic/services/services-1.0.xsd">

    <services>
        <!-- ENTITIES -->
        <service id="Topdata\TopdataConnectorSW6\Core\Content\Brand\BrandDefinition">
            <tag name="shopware.entity.definition" entity="topdata_brand" />
        </service>
        <service id="Topdata\TopdataConnectorSW6\Core\Content\Device\DeviceDefinition">
            <tag name="shopware.entity.definition" entity="topdata_device" />
        </service>
        <service id="Topdata\TopdataConnectorSW6\Core\Content\DeviceType\DeviceTypeDefinition">
            <tag name="shopware.entity.definition" entity="topdata_device_type" />
        </service>
        <service id="Topdata\TopdataConnectorSW6\Core\Content\Series\SeriesDefinition">
            <tag name="shopware.entity.definition" entity="topdata_series" />
        </service>
        <service id="Topdata\TopdataConnectorSW6\Core\Content\TopdataProduct\TopdataProductDefinition">
            <tag name="shopware.entity.definition" entity="topdata_to_product" />
        </service>
        
        <service id="Topdata\TopdataConnectorSW6\Core\Content\Device\Agregate\DeviceProduct\DeviceProductDefinition">
            <tag name="shopware.entity.definition" entity="topdata_device_to_product"/>
        </service>
        <service id="Topdata\TopdataConnectorSW6\Core\Content\Product\Agregate\Alternate\ProductAlternateDefinition">
            <tag name="shopware.entity.definition" entity="topdata_product_to_alternate"/>
        </service>
        <service id="Topdata\TopdataConnectorSW6\Core\Content\Product\Agregate\Bundled\ProductBundledDefinition">
            <tag name="shopware.entity.definition" entity="topdata_product_to_bundled"/>
        </service>
        <service id="Topdata\TopdataConnectorSW6\Core\Content\Product\Agregate\Related\ProductRelatedDefinition">
            <tag name="shopware.entity.definition" entity="topdata_product_to_related"/>
        </service>
        <service id="Topdata\TopdataConnectorSW6\Core\Content\Product\Agregate\Similar\ProductSimilarDefinition">
            <tag name="shopware.entity.definition" entity="topdata_product_to_similar"/>
        </service>
        <service id="Topdata\TopdataConnectorSW6\Core\Content\Product\Agregate\CapacityVariant\ProductCapacityVariantDefinition">
            <tag name="shopware.entity.definition" entity="topdata_product_to_capacity_variant"/>
        </service>
        <service id="Topdata\TopdataConnectorSW6\Core\Content\Product\Agregate\ColorVariant\ProductColorVariantDefinition">
            <tag name="shopware.entity.definition" entity="topdata_product_to_color_variant"/>
        </service>
        <service id="Topdata\TopdataConnectorSW6\Core\Content\Product\Agregate\Variant\ProductVariantDefinition">
            <tag name="shopware.entity.definition" entity="topdata_product_to_variant"/>
        </service>
        <service id="Topdata\TopdataConnectorSW6\Core\Content\Product\ProductExtension">
            <tag name="shopware.entity.extension"/>
        </service>
        <service id="Topdata\TopdataConnectorSW6\Core\Content\Product\Agregate\ProductCrossSelling\ProductCrossSellingExtension">
            <tag name="shopware.entity.extension"/>
        </service>
        <service id="Topdata\TopdataConnectorSW6\Core\Content\Product\Agregate\ProductCrossSelling\TopdataProductCrossSellingExtensionDefinition">
            <tag name="shopware.entity.definition" entity="topdata_product_cross_selling_extension"/>
        </service>
        
        <service id="Topdata\TopdataConnectorSW6\Core\Content\Device\Agregate\DeviceCustomer\DeviceCustomerDefinition">
            <tag name="shopware.entity.definition" entity="topdata_device_to_customer"/>
        </service>
        <service id="Topdata\TopdataConnectorSW6\Core\Content\Customer\CustomerExtension">
            <tag name="shopware.entity.extension"/>
        </service>
        
        <service id="Topdata\TopdataConnectorSW6\Core\Content\Category\TopdataCategoryExtension\TopdataCategoryExtensionDefinition">
            <tag name="shopware.entity.definition" entity="topdata_category_extension"/>
        </service>
        <service id="Topdata\TopdataConnectorSW6\Core\Content\Category\CategoryExtension">
            <tag name="shopware.entity.extension"/>
        </service>
        
        <!-- CONSOLE COMMANDS -->
        <service id="Topdata\TopdataConnectorSW6\Command\TestConnectionCommand" autowire="true">
            <tag name="console.command"/>
        </service>
        <service id="Topdata\TopdataConnectorSW6\Command\ImportCommand" autowire="true">
            <tag name="console.command"/>
        </service>

        <!-- SERVICES -->
        <service id="Topdata\TopdataConnectorSW6\Service\TopdataToProductHelperService" autowire="true"/>
        <service id="Topdata\TopdataConnectorSW6\Service\ConnectionTestService" autowire="true"/>
        <service id="Topdata\TopdataConnectorSW6\Service\ImportService" autowire="true"/>
        <service id="Topdata\TopdataConnectorSW6\Service\ConfigCheckerService" autowire="true"/>
        <service id="Topdata\TopdataConnectorSW6\Service\EntitiesHelperService" autowire="true" />
        <service id="Topdata\TopdataConnectorSW6\Service\OptionsHelperService" autowire="true"/>
        <service id="Topdata\TopdataConnectorSW6\Service\ProductMappingService" autowire="true"/>
        <service id="Topdata\TopdataConnectorSW6\Service\ProgressLoggingService" autowire="true"/>
        <service id="Topdata\TopdataConnectorSW6\Service\MappingHelperService" autowire="true" />
        <service id="Topdata\TopdataConnectorSW6\Service\TopdataBrandService" autowire="true" />

        <!-- Controllers -->
        <service id="Topdata\TopdataConnectorSW6\Controller\Admin\TopdataWebserviceConnectorAdminApiController" public="true" autowire="true">
            <call method="setContainer">
                <argument type="service" id="service_container"/>
            </call>
        </service>
        
        <!-- CRON JOBS -->
        <service id="Topdata\TopdataConnectorSW6\ScheduledTask\ConnectorImportTask">
            <tag name="shopware.scheduled.task" />
        </service>
        <service id="Topdata\TopdataConnectorSW6\ScheduledTask\ConnectorImportTaskHandler">
            <argument type="service" id="scheduled_task.repository" />
            <argument type="service" id="parameter_bag" />
            <tag name="messenger.message_handler" />
        </service>
        
    </services>
</container>